,influence-chance,cell-standard,baseline-dev,nchoices,services-normally-distributed,performance-dev,[step],avesatis
0,0.0,0.0,100.0,14.0,0.0,0.0,2.0,19.663770571999997
1,0.0,0.0,100.0,14.0,0.0,1.0,2.0,20.538249630000003
2,0.0,0.0,100.0,14.0,0.0,2.0,2.0,20.081938264999998
3,0.0,0.0,100.0,14.0,0.0,3.0,2.0,20.162463799
4,0.0,0.0,100.0,14.0,0.0,4.0,2.0,19.908879000000002
5,0.0,0.0,100.0,14.0,0.0,5.0,2.0,19.678604224
6,0.0,0.0,100.0,14.0,0.0,6.0,2.0,19.690612419
7,0.0,0.0,100.0,14.0,0.0,7.0,2.0,19.699088789999998
8,0.0,0.0,100.0,14.0,0.0,8.0,2.0,19.600197781
9,0.0,0.0,100.0,14.0,0.0,9.0,2.0,20.081938263999998
10,0.0,0.0,100.0,14.0,0.0,10.0,2.0,19.397471214
11,0.0,0.0,100.0,14.0,0.0,11.0,2.0,19.287984743
12,0.0,0.0,100.0,14.0,0.0,12.0,2.0,19.507664054
13,0.0,0.0,100.0,14.0,0.0,13.0,2.0,18.821077913000003
14,0.0,0.0,100.0,14.0,0.0,14.0,2.0,18.784346967
15,0.0,0.0,100.0,14.0,0.0,15.0,2.0,18.723599633
16,0.0,0.0,100.0,14.0,0.0,16.0,2.0,18.448117539000002
17,0.0,0.0,100.0,14.0,0.0,17.0,2.0,18.118951755
18,0.0,0.0,100.0,14.0,0.0,18.0,2.0,18.136610863
19,0.0,0.0,100.0,14.0,0.0,19.0,2.0,17.487462035
20,0.0,0.0,100.0,14.0,0.0,20.0,2.0,17.638624001
21,0.0,0.0,100.0,14.0,0.0,21.0,2.0,17.367380095
22,0.0,0.0,100.0,14.0,0.0,22.0,2.0,16.577664759999998
23,0.0,0.0,100.0,14.0,0.0,23.0,2.0,16.650420287
24,0.0,0.0,100.0,14.0,0.0,24.0,2.0,16.354453628000005
25,0.0,0.0,100.0,14.0,0.0,25.0,2.0,16.193402557000002
26,0.0,0.0,100.0,14.0,0.0,26.0,2.0,16.442042806
27,0.0,0.0,100.0,14.0,0.0,27.0,2.0,15.195309739999999
28,0.0,0.0,100.0,14.0,0.0,28.0,2.0,15.451013631999999
29,0.0,0.0,100.0,14.0,0.0,29.0,2.0,15.052624144000001
30,0.0,0.0,100.0,14.0,0.0,30.0,2.0,14.421134421
31,0.0,0.0,100.0,6.0,0.0,0.0,2.0,22.347107439000002
32,0.0,0.0,100.0,6.0,0.0,1.0,2.0,22.315886134999996
33,0.0,0.0,100.0,6.0,0.0,2.0,2.0,22.604224058
34,0.0,0.0,100.0,6.0,0.0,3.0,2.0,22.260789714999998
35,0.0,0.0,100.0,6.0,0.0,4.0,2.0,22.815426998
36,0.0,0.0,100.0,6.0,0.0,5.0,2.0,22.626262626
37,0.0,0.0,100.0,6.0,0.0,6.0,2.0,22.009182737
38,0.0,0.0,100.0,6.0,0.0,7.0,2.0,22.196510558999996
39,0.0,0.0,100.0,6.0,0.0,8.0,2.0,22.086317722
40,0.0,0.0,100.0,6.0,0.0,9.0,2.0,21.933884297
41,0.0,0.0,100.0,6.0,0.0,10.0,2.0,21.933884297
42,0.0,0.0,100.0,6.0,0.0,11.0,2.0,21.314967861
43,0.0,0.0,100.0,6.0,0.0,12.0,2.0,21.298438933
44,0.0,0.0,100.0,6.0,0.0,13.0,2.0,21.122130395
45,0.0,0.0,100.0,6.0,0.0,14.0,2.0,21.329660238000002
46,0.0,0.0,100.0,6.0,0.0,15.0,2.0,21.103764921
47,0.0,0.0,100.0,6.0,0.0,16.0,2.0,20.690541781
48,0.0,0.0,100.0,6.0,0.0,17.0,2.0,20.701561065
49,0.0,0.0,100.0,6.0,0.0,18.0,2.0,19.829201103
50,0.0,0.0,100.0,6.0,0.0,19.0,2.0,20.499540861999996
51,0.0,0.0,100.0,6.0,0.0,20.0,2.0,19.491276401
52,0.0,0.0,100.0,6.0,0.0,21.0,2.0,19.504132229999996
53,0.0,0.0,100.0,6.0,0.0,22.0,2.0,18.967860422999998
54,0.0,0.0,100.0,6.0,0.0,23.0,2.0,19.245179062
55,0.0,0.0,100.0,6.0,0.0,24.0,2.0,18.819100093000003
56,0.0,0.0,100.0,6.0,0.0,25.0,2.0,18.921946741
57,0.0,0.0,100.0,6.0,0.0,26.0,2.0,17.915518824
58,0.0,0.0,100.0,6.0,0.0,27.0,2.0,18.483011937999997
59,0.0,0.0,100.0,6.0,0.0,28.0,2.0,18.033057851
60,0.0,0.0,100.0,6.0,0.0,29.0,2.0,17.482093665
61,0.0,0.0,100.0,6.0,0.0,30.0,2.0,16.960514232
62,0.0,0.0,100.0,2.0,0.0,0.0,2.0,37.640036730000006
63,0.0,0.0,100.0,2.0,0.0,1.0,2.0,37.447199266
64,0.0,0.0,100.0,2.0,0.0,3.0,2.0,37.346189163000005
65,0.0,0.0,100.0,2.0,0.0,2.0,2.0,36.951331497000005
66,0.0,0.0,100.0,2.0,0.0,4.0,2.0,37.548209368
67,0.0,0.0,100.0,2.0,0.0,5.0,2.0,36.942148762
68,0.0,0.0,100.0,2.0,0.0,6.0,2.0,37.033976124000006
69,0.0,0.0,100.0,2.0,0.0,7.0,2.0,37.162534436
70,0.0,0.0,100.0,2.0,0.0,8.0,2.0,37.199265381
71,0.0,0.0,100.0,2.0,0.0,9.0,2.0,37.327823691999996
72,0.0,0.0,100.0,2.0,0.0,10.0,2.0,37.685950414000004
73,0.0,0.0,100.0,2.0,0.0,11.0,2.0,37.70431588500001
74,0.0,0.0,100.0,2.0,0.0,12.0,2.0,37.337006428
75,0.0,0.0,100.0,2.0,0.0,13.0,2.0,37.64003673
76,0.0,0.0,100.0,2.0,0.0,14.0,2.0,37.48393021099999
77,0.0,0.0,100.0,2.0,0.0,15.0,2.0,36.969696971000005
78,0.0,0.0,100.0,2.0,0.0,16.0,2.0,37.72268136
79,0.0,0.0,100.0,2.0,0.0,17.0,2.0,37.364554637000005
80,0.0,0.0,100.0,2.0,0.0,18.0,2.0,36.997245179000004
81,0.0,0.0,100.0,2.0,0.0,19.0,2.0,36.877869605
82,0.0,0.0,100.0,2.0,0.0,20.0,2.0,36.988062443000004
83,0.0,0.0,100.0,2.0,0.0,21.0,2.0,36.776859503000004
84,0.0,0.0,100.0,2.0,0.0,22.0,2.0,36.666666667
85,0.0,0.0,100.0,2.0,0.0,23.0,2.0,36.620752982999996
86,0.0,0.0,100.0,2.0,0.0,24.0,2.0,36.106519744
87,0.0,0.0,100.0,2.0,0.0,25.0,2.0,35.794306704
88,0.0,0.0,100.0,2.0,0.0,26.0,2.0,35.70247933899999
89,0.0,0.0,100.0,2.0,0.0,27.0,2.0,35.353535354
90,0.0,0.0,100.0,2.0,0.0,28.0,2.0,34.453627182
91,0.0,0.0,100.0,2.0,0.0,29.0,2.0,34.32506887199999
92,0.0,0.0,100.0,2.0,0.0,30.0,2.0,34.003673094999996
93,0.0,0.0,100.0,4.0,0.0,0.0,2.0,24.670951943
94,0.0,0.0,100.0,4.0,0.0,1.0,2.0,24.698500152
95,0.0,0.0,100.0,4.0,0.0,2.0,2.0,24.784205693
96,0.0,0.0,100.0,4.0,0.0,3.0,2.0,25.151515151
97,0.0,0.0,100.0,4.0,0.0,4.0,2.0,25.197428835
98,0.0,0.0,100.0,4.0,0.0,5.0,2.0,25.234159779
99,0.0,0.0,100.0,4.0,0.0,6.0,2.0,25.234159778
100,0.0,0.0,100.0,4.0,0.0,7.0,2.0,24.462809917999998
101,0.0,0.0,100.0,4.0,0.0,8.0,2.0,24.698500152
102,0.0,0.0,100.0,4.0,0.0,9.0,2.0,24.566880930999996
103,0.0,0.0,100.0,4.0,0.0,10.0,2.0,24.175084174
104,0.0,0.0,100.0,4.0,0.0,11.0,2.0,24.110805019
105,0.0,0.0,100.0,4.0,0.0,12.0,2.0,23.973063973000002
106,0.0,0.0,100.0,4.0,0.0,13.0,2.0,23.92408938
107,0.0,0.0,100.0,4.0,0.0,14.0,2.0,23.544536272
108,0.0,0.0,100.0,4.0,0.0,15.0,2.0,23.550658096999996
109,0.0,0.0,100.0,4.0,0.0,16.0,2.0,23.281297827
110,0.0,0.0,100.0,4.0,0.0,17.0,2.0,22.953780225
111,0.0,0.0,100.0,4.0,0.0,18.0,2.0,22.531374349000004
112,0.0,0.0,100.0,4.0,0.0,19.0,2.0,22.222222221
113,0.0,0.0,100.0,4.0,0.0,20.0,2.0,22.240587694000002
114,0.0,0.0,100.0,4.0,0.0,21.0,2.0,22.249770429999998
115,0.0,0.0,100.0,4.0,0.0,22.0,2.0,21.851851851
116,0.0,0.0,100.0,4.0,0.0,23.0,2.0,21.732476279
117,0.0,0.0,100.0,4.0,0.0,24.0,2.0,21.420263237999997
118,0.0,0.0,100.0,4.0,0.0,25.0,2.0,20.550964186999998
119,0.0,0.0,100.0,4.0,0.0,26.0,2.0,20.327517602
120,0.0,0.0,100.0,4.0,0.0,27.0,2.0,20.517294152999998
121,0.0,0.0,100.0,4.0,0.0,28.0,2.0,20.15610652
122,0.0,0.0,100.0,4.0,0.0,29.0,2.0,19.191919192
123,0.0,0.0,100.0,4.0,0.0,30.0,2.0,19.084787266
124,0.0,0.0,100.0,8.0,0.0,0.0,2.0,21.200314837
125,0.0,0.0,100.0,8.0,0.0,1.0,2.0,21.415453235
126,0.0,0.0,100.0,8.0,0.0,2.0,2.0,21.339367703
127,0.0,0.0,100.0,8.0,0.0,3.0,2.0,21.633215269
128,0.0,0.0,100.0,8.0,0.0,4.0,2.0,21.168831169999997
129,0.0,0.0,100.0,8.0,0.0,5.0,2.0,21.450872359999998
130,0.0,0.0,100.0,8.0,0.0,6.0,2.0,21.120293849
131,0.0,0.0,100.0,8.0,0.0,7.0,2.0,21.111111110000003
132,0.0,0.0,100.0,8.0,0.0,8.0,2.0,20.804145349000002
133,0.0,0.0,100.0,8.0,0.0,9.0,2.0,20.679522498
134,0.0,0.0,100.0,8.0,0.0,10.0,2.0,21.029778302
135,0.0,0.0,100.0,8.0,0.0,11.0,2.0,20.48668503
136,0.0,0.0,100.0,8.0,0.0,12.0,2.0,20.417158599
137,0.0,0.0,100.0,8.0,0.0,13.0,2.0,20.421094059
138,0.0,0.0,100.0,8.0,0.0,14.0,2.0,19.808474353
139,0.0,0.0,100.0,8.0,0.0,15.0,2.0,20.393545849000002
140,0.0,0.0,100.0,8.0,0.0,16.0,2.0,19.767807949
141,0.0,0.0,100.0,8.0,0.0,17.0,2.0,19.434605798
142,0.0,0.0,100.0,8.0,0.0,18.0,2.0,19.110586383
143,0.0,0.0,100.0,8.0,0.0,19.0,2.0,18.680309588999997
144,0.0,0.0,100.0,8.0,0.0,20.0,2.0,18.612094976
145,0.0,0.0,100.0,8.0,0.0,21.0,2.0,18.434999345
146,0.0,0.0,100.0,8.0,0.0,22.0,2.0,18.149022695000003
147,0.0,0.0,100.0,8.0,0.0,23.0,2.0,18.416633870000002
148,0.0,0.0,100.0,8.0,0.0,24.0,2.0,17.712186801999998
149,0.0,0.0,100.0,8.0,0.0,25.0,2.0,17.102190737
150,0.0,0.0,100.0,8.0,0.0,26.0,2.0,17.396038304999998
151,0.0,0.0,100.0,8.0,0.0,27.0,2.0,16.904105994
152,0.0,0.0,100.0,8.0,0.0,28.0,2.0,16.370195462
153,0.0,0.0,100.0,8.0,0.0,29.0,2.0,16.573527483
154,0.0,0.0,100.0,8.0,0.0,30.0,2.0,16.350518169
155,0.0,0.0,100.0,18.0,0.0,0.0,2.0,20.154486037
156,0.0,0.0,100.0,18.0,0.0,1.0,2.0,19.858477825999998
157,0.0,0.0,100.0,18.0,0.0,2.0,2.0,20.203100523
158,0.0,0.0,100.0,18.0,0.0,3.0,2.0,19.446875168
159,0.0,0.0,100.0,18.0,0.0,4.0,2.0,19.800140442
160,0.0,0.0,100.0,18.0,0.0,5.0,2.0,19.982174688
161,0.0,0.0,100.0,18.0,0.0,6.0,2.0,19.465780803
162,0.0,0.0,100.0,18.0,0.0,7.0,2.0,19.551126237000002
163,0.0,0.0,100.0,18.0,0.0,8.0,2.0,19.129800679999995
164,0.0,0.0,100.0,18.0,0.0,9.0,2.0,19.315075893999996
165,0.0,0.0,100.0,18.0,0.0,10.0,2.0,19.059579756
166,0.0,0.0,100.0,18.0,0.0,11.0,2.0,18.898611788
167,0.0,0.0,100.0,18.0,0.0,12.0,2.0,18.799762328000003
168,0.0,0.0,100.0,18.0,0.0,13.0,2.0,18.633932912
169,0.0,0.0,100.0,18.0,0.0,14.0,2.0,18.018689571
170,0.0,0.0,100.0,18.0,0.0,15.0,2.0,18.541025225000002
171,0.0,0.0,100.0,18.0,0.0,16.0,2.0,17.941986711999995
172,0.0,0.0,100.0,18.0,0.0,17.0,2.0,17.755631178999998
173,0.0,0.0,100.0,18.0,0.0,18.0,2.0,17.629233511
174,0.0,0.0,100.0,18.0,0.0,19.0,2.0,17.098255279
175,0.0,0.0,100.0,18.0,0.0,20.0,2.0,17.011289363
176,0.0,0.0,100.0,18.0,0.0,21.0,2.0,16.789283208
177,0.0,0.0,100.0,18.0,0.0,22.0,2.0,16.41765246
178,0.0,0.0,100.0,18.0,0.0,23.0,2.0,16.33932912
179,0.0,0.0,100.0,18.0,0.0,24.0,2.0,16.001728514
180,0.0,0.0,100.0,18.0,0.0,25.0,2.0,15.482093663999999
181,0.0,0.0,100.0,18.0,0.0,26.0,2.0,15.188246099
182,0.0,0.0,100.0,18.0,0.0,27.0,2.0,15.394047427
183,0.0,0.0,100.0,18.0,0.0,28.0,2.0,14.901420624
184,0.0,0.0,100.0,18.0,0.0,29.0,2.0,14.601631285
185,0.0,0.0,100.0,18.0,0.0,30.0,2.0,14.508183438999998
186,0.0,0.0,100.0,10.0,0.0,0.0,2.0,20.304050606
187,0.0,0.0,100.0,10.0,0.0,1.0,2.0,21.066217734
188,0.0,0.0,100.0,10.0,0.0,3.0,2.0,20.823385369
189,0.0,0.0,100.0,10.0,0.0,2.0,2.0,20.470360167000003
190,0.0,0.0,100.0,10.0,0.0,4.0,2.0,20.558106316
191,0.0,0.0,100.0,10.0,0.0,5.0,2.0,20.154065912
192,0.0,0.0,100.0,10.0,0.0,6.0,2.0,20.592796653
193,0.0,0.0,100.0,10.0,0.0,7.0,2.0,20.309152126999997
194,0.0,0.0,100.0,10.0,0.0,8.0,2.0,20.491786553000004
195,0.0,0.0,100.0,10.0,0.0,9.0,2.0,19.85919804
196,0.0,0.0,100.0,10.0,0.0,10.0,2.0,19.98265483
197,0.0,0.0,100.0,10.0,0.0,11.0,2.0,20.398938886
198,0.0,0.0,100.0,10.0,0.0,12.0,2.0,19.251096828
199,0.0,0.0,100.0,10.0,0.0,13.0,2.0,19.947964493
200,0.0,0.0,100.0,10.0,0.0,14.0,2.0,19.453117029
201,0.0,0.0,100.0,10.0,0.0,15.0,2.0,19.389858176
202,0.0,0.0,100.0,10.0,0.0,16.0,2.0,18.856239158
203,0.0,0.0,100.0,10.0,0.0,17.0,2.0,19.021528414
204,0.0,0.0,100.0,10.0,0.0,18.0,2.0,18.686868686000004
205,0.0,0.0,100.0,10.0,0.0,19.0,2.0,18.553208856
206,0.0,0.0,100.0,10.0,0.0,20.0,2.0,17.980818282999998
207,0.0,0.0,100.0,10.0,0.0,21.0,2.0,17.92164065
208,0.0,0.0,100.0,10.0,0.0,22.0,2.0,17.081930415
209,0.0,0.0,100.0,10.0,0.0,23.0,2.0,16.946229976
210,0.0,0.0,100.0,10.0,0.0,24.0,2.0,16.698296093
211,0.0,0.0,100.0,10.0,0.0,25.0,2.0,16.986021834000002
212,0.0,0.0,100.0,10.0,0.0,26.0,2.0,16.376900315
213,0.0,0.0,100.0,10.0,0.0,27.0,2.0,16.273849608
214,0.0,0.0,100.0,10.0,0.0,28.0,2.0,15.738189979999998
215,0.0,0.0,100.0,10.0,0.0,29.0,2.0,16.293235384
216,0.0,0.0,100.0,10.0,0.0,30.0,2.0,15.53923069
217,0.0,0.0,100.0,12.0,0.0,0.0,2.0,20.179480758
218,0.0,0.0,100.0,12.0,0.0,1.0,2.0,20.780532598
219,0.0,0.0,100.0,12.0,0.0,2.0,2.0,20.737958094
220,0.0,0.0,100.0,12.0,0.0,3.0,2.0,19.783788294999997
221,0.0,0.0,100.0,12.0,0.0,4.0,2.0,20.368144250999997
222,0.0,0.0,100.0,12.0,0.0,5.0,2.0,20.554303364
223,0.0,0.0,100.0,12.0,0.0,6.0,2.0,20.410718758999998
224,0.0,0.0,100.0,12.0,0.0,8.0,2.0,20.186993906
225,0.0,0.0,100.0,12.0,0.0,7.0,2.0,19.838884716000003
226,0.0,0.0,100.0,12.0,0.0,9.0,2.0,19.376408715
227,0.0,0.0,100.0,12.0,0.0,10.0,2.0,19.969947408000003
228,0.0,0.0,100.0,12.0,0.0,11.0,2.0,19.704482845
229,0.0,0.0,100.0,12.0,0.0,12.0,2.0,19.146005509
230,0.0,0.0,100.0,12.0,0.0,13.0,2.0,19.393104599999997
231,0.0,0.0,100.0,12.0,0.0,14.0,2.0,18.888888889999997
232,0.0,0.0,100.0,12.0,0.0,15.0,2.0,19.011603639999997
233,0.0,0.0,100.0,12.0,0.0,16.0,2.0,18.777861256
234,0.0,0.0,100.0,12.0,0.0,17.0,2.0,18.792887553999996
235,0.0,0.0,100.0,12.0,0.0,18.0,2.0,18.212705568
236,0.0,0.0,100.0,12.0,0.0,19.0,2.0,17.871274732
237,0.0,0.0,100.0,12.0,0.0,20.0,2.0,18.108356289
238,0.0,0.0,100.0,12.0,0.0,21.0,2.0,17.715168211
239,0.0,0.0,100.0,12.0,0.0,22.0,2.0,17.622506052
240,0.0,0.0,100.0,12.0,0.0,23.0,2.0,17.074046249
241,0.0,0.0,100.0,12.0,0.0,24.0,2.0,16.39452375
242,0.0,0.0,100.0,12.0,0.0,25.0,2.0,16.638283663
243,0.0,0.0,100.0,12.0,0.0,26.0,2.0,15.903664746
244,0.0,0.0,100.0,12.0,0.0,27.0,2.0,16.136572335
245,0.0,0.0,100.0,12.0,0.0,28.0,2.0,15.450371483000001
246,0.0,0.0,100.0,12.0,0.0,29.0,2.0,14.887720178
247,0.0,0.0,100.0,12.0,0.0,30.0,2.0,14.931964270999998
248,0.0,0.0,100.0,16.0,0.0,0.0,2.0,20.007346190000003
249,0.0,0.0,100.0,16.0,0.0,1.0,2.0,20.023875114
250,0.0,0.0,100.0,16.0,0.0,2.0,2.0,19.757575758
251,0.0,0.0,100.0,16.0,0.0,3.0,2.0,19.649219467
252,0.0,0.0,100.0,16.0,0.0,4.0,2.0,19.877563514
253,0.0,0.0,100.0,16.0,0.0,5.0,2.0,19.802265074000005
254,0.0,0.0,100.0,16.0,0.0,6.0,2.0,19.235996328
255,0.0,0.0,100.0,16.0,0.0,7.0,2.0,19.991429446
256,0.0,0.0,100.0,16.0,0.0,8.0,2.0,19.850627488
257,0.0,0.0,100.0,16.0,0.0,9.0,2.0,18.745026016999997
258,0.0,0.0,100.0,16.0,0.0,10.0,2.0,19.19620447
259,0.0,0.0,100.0,16.0,0.0,11.0,2.0,19.193755738999997
260,0.0,0.0,100.0,16.0,0.0,12.0,2.0,18.737679829999998
261,0.0,0.0,100.0,16.0,0.0,13.0,2.0,18.880318335000002
262,0.0,0.0,100.0,16.0,0.0,14.0,2.0,18.406489135
263,0.0,0.0,100.0,16.0,0.0,15.0,2.0,18.304866851000003
264,0.0,0.0,100.0,16.0,0.0,16.0,2.0,18.271196818
265,0.0,0.0,100.0,16.0,0.0,17.0,2.0,17.694520968
266,0.0,0.0,100.0,16.0,0.0,18.0,2.0,17.38781757
267,0.0,0.0,100.0,16.0,0.0,19.0,2.0,17.947352312
268,0.0,0.0,100.0,16.0,0.0,20.0,2.0,17.077441077
269,0.0,0.0,100.0,16.0,0.0,21.0,2.0,16.948882768
270,0.0,0.0,100.0,16.0,0.0,22.0,2.0,16.439546984999996
271,0.0,0.0,100.0,16.0,0.0,23.0,2.0,16.381389654
272,0.0,0.0,100.0,16.0,0.0,24.0,2.0,15.758187940999997
273,0.0,0.0,100.0,16.0,0.0,25.0,2.0,15.992041628
274,0.0,0.0,100.0,16.0,0.0,26.0,2.0,14.980104071
275,0.0,0.0,100.0,16.0,0.0,27.0,2.0,15.276400366999999
276,0.0,0.0,100.0,16.0,0.0,28.0,2.0,14.740740739999998
277,0.0,0.0,100.0,16.0,0.0,29.0,2.0,14.897459444
278,0.0,0.0,100.0,16.0,0.0,30.0,2.0,14.813590450000001
279,0.0,0.0,100.0,20.0,0.0,0.0,2.0,19.668454883000003
280,0.0,0.0,100.0,20.0,0.0,1.0,2.0,19.568411387999994
281,0.0,0.0,100.0,20.0,0.0,2.0,2.0,20.011115943
282,0.0,0.0,100.0,20.0,0.0,3.0,2.0,19.252815233
283,0.0,0.0,100.0,20.0,0.0,5.0,2.0,20.080711421
284,0.0,0.0,100.0,20.0,0.0,4.0,2.0,19.810062345
285,0.0,0.0,100.0,20.0,0.0,7.0,2.0,19.040645689999998
286,0.0,0.0,100.0,20.0,0.0,6.0,2.0,19.356725146
287,0.0,0.0,100.0,20.0,0.0,8.0,2.0,18.858440868
288,0.0,0.0,100.0,20.0,0.0,9.0,2.0,18.958967666
289,0.0,0.0,100.0,20.0,0.0,10.0,2.0,19.423904113
290,0.0,0.0,100.0,20.0,0.0,11.0,2.0,18.738098691
291,0.0,0.0,100.0,20.0,0.0,12.0,2.0,18.408003481999998
292,0.0,0.0,100.0,20.0,0.0,13.0,2.0,18.719249916000003
293,0.0,0.0,100.0,20.0,0.0,14.0,2.0,18.501764052000002
294,0.0,0.0,100.0,20.0,0.0,15.0,2.0,17.957566091
295,0.0,0.0,100.0,20.0,0.0,16.0,2.0,17.832874198
296,0.0,0.0,100.0,20.0,0.0,17.0,2.0,17.267894253999998
297,0.0,0.0,100.0,20.0,0.0,18.0,2.0,17.125803489
298,0.0,0.0,100.0,20.0,0.0,19.0,2.0,17.172200472000004
299,0.0,0.0,100.0,20.0,0.0,20.0,2.0,16.349620609
300,0.0,0.0,100.0,20.0,0.0,21.0,2.0,16.535691847000002
301,0.0,0.0,100.0,20.0,0.0,22.0,2.0,16.098786912
302,0.0,0.0,100.0,20.0,0.0,23.0,2.0,16.512976658
303,0.0,0.0,100.0,20.0,0.0,24.0,2.0,15.950896526
304,0.0,0.0,100.0,20.0,0.0,25.0,2.0,15.945096901
305,0.0,0.0,100.0,20.0,0.0,26.0,2.0,15.472427625
306,0.0,0.0,100.0,20.0,0.0,27.0,2.0,15.476777343
307,0.0,0.0,100.0,20.0,0.0,28.0,2.0,14.356966796999998
308,0.0,0.0,100.0,20.0,0.0,29.0,2.0,14.343917647000001
309,0.0,0.0,100.0,20.0,0.0,30.0,2.0,13.955342902000002
310,0.0,0.0,100.0,24.0,0.0,0.0,2.0,19.507326227
311,0.0,0.0,100.0,24.0,0.0,1.0,2.0,19.782009822
312,0.0,0.0,100.0,24.0,0.0,2.0,2.0,19.712939673
313,0.0,0.0,100.0,24.0,0.0,3.0,2.0,19.696570446999996
314,0.0,0.0,100.0,24.0,0.0,4.0,2.0,19.669022238
315,0.0,0.0,100.0,24.0,0.0,5.0,2.0,19.139218268999997
316,0.0,0.0,100.0,24.0,0.0,6.0,2.0,19.284944304
317,0.0,0.0,100.0,24.0,0.0,7.0,2.0,19.476184774
318,0.0,0.0,100.0,24.0,0.0,8.0,2.0,18.891683635
319,0.0,0.0,100.0,24.0,0.0,9.0,2.0,18.922026589999998
320,0.0,0.0,100.0,24.0,0.0,10.0,2.0,18.995488483
321,0.0,0.0,100.0,24.0,0.0,11.0,2.0,18.69165968
322,0.0,0.0,100.0,24.0,0.0,12.0,2.0,18.505609452999998
323,0.0,0.0,100.0,24.0,0.0,13.0,2.0,18.186609174999997
324,0.0,0.0,100.0,24.0,0.0,14.0,2.0,18.229328861000003
325,0.0,0.0,100.0,24.0,0.0,15.0,2.0,18.040084639999996
326,0.0,0.0,100.0,24.0,0.0,16.0,2.0,17.539825131
327,0.0,0.0,100.0,24.0,0.0,17.0,2.0,17.313849964
328,0.0,0.0,100.0,24.0,0.0,18.0,2.0,17.312252965
329,0.0,0.0,100.0,24.0,0.0,19.0,2.0,17.032379127
330,0.0,0.0,100.0,24.0,0.0,20.0,2.0,16.932966023
331,0.0,0.0,100.0,24.0,0.0,21.0,2.0,16.474228451
332,0.0,0.0,100.0,24.0,0.0,22.0,2.0,15.722841059999999
333,0.0,0.0,100.0,24.0,0.0,23.0,2.0,16.077374537
334,0.0,0.0,100.0,24.0,0.0,24.0,2.0,15.710863577000001
335,0.0,0.0,100.0,24.0,0.0,25.0,2.0,15.417814508000001
336,0.0,0.0,100.0,24.0,0.0,26.0,2.0,14.73829201
337,0.0,0.0,100.0,24.0,0.0,27.0,2.0,15.080848007
338,0.0,0.0,100.0,24.0,0.0,28.0,2.0,14.571006508000002
339,0.0,0.0,100.0,24.0,0.0,29.0,2.0,13.899468998
340,0.0,0.0,100.0,24.0,0.0,30.0,2.0,13.998882100999998
341,0.0,0.0,100.0,30.0,0.0,0.0,2.0,19.159304645
342,0.0,0.0,100.0,30.0,0.0,2.0,2.0,19.543712991
343,0.0,0.0,100.0,30.0,0.0,1.0,2.0,19.447769228000002
344,0.0,0.0,100.0,30.0,0.0,3.0,2.0,19.223583801
345,0.0,0.0,100.0,30.0,0.0,4.0,2.0,19.264747793000005
346,0.0,0.0,100.0,30.0,0.0,5.0,2.0,19.033279504
347,0.0,0.0,100.0,30.0,0.0,6.0,2.0,19.092808967
348,0.0,0.0,100.0,30.0,0.0,7.0,2.0,19.458535196000003
349,0.0,0.0,100.0,30.0,0.0,8.0,2.0,18.669453152000003
350,0.0,0.0,100.0,30.0,0.0,9.0,2.0,19.220733986000003
351,0.0,0.0,100.0,30.0,0.0,10.0,2.0,18.711567081000005
352,0.0,0.0,100.0,30.0,0.0,11.0,2.0,18.545327887000003
353,0.0,0.0,100.0,30.0,0.0,12.0,2.0,18.409486715999996
354,0.0,0.0,100.0,30.0,0.0,13.0,2.0,18.341407809
355,0.0,0.0,100.0,30.0,0.0,14.0,2.0,17.897469999000002
356,0.0,0.0,100.0,30.0,0.0,15.0,2.0,17.468097907999997
357,0.0,0.0,100.0,30.0,0.0,16.0,2.0,17.739146957000003
358,0.0,0.0,100.0,30.0,0.0,17.0,2.0,17.204015073
359,0.0,0.0,100.0,30.0,0.0,18.0,2.0,17.040625692
360,0.0,0.0,100.0,30.0,0.0,19.0,2.0,16.597954467
361,0.0,0.0,100.0,30.0,0.0,20.0,2.0,16.67458282
362,0.0,0.0,100.0,30.0,0.0,21.0,2.0,16.486811691000003
363,0.0,0.0,100.0,30.0,0.0,22.0,2.0,16.057756246
364,0.0,0.0,100.0,30.0,0.0,23.0,2.0,15.808872421999999
365,0.0,0.0,100.0,30.0,0.0,24.0,2.0,15.405148665999999
366,0.0,0.0,100.0,30.0,0.0,25.0,2.0,15.381716856
367,0.0,0.0,100.0,30.0,0.0,26.0,2.0,15.464678128999997
368,0.0,0.0,100.0,30.0,0.0,27.0,2.0,14.987175834000002
369,0.0,0.0,100.0,30.0,0.0,28.0,2.0,14.389664671
370,0.0,0.0,100.0,30.0,0.0,29.0,2.0,14.346600804
371,0.0,0.0,100.0,30.0,0.0,30.0,2.0,13.944776923000001
372,0.0,0.0,100.0,22.0,0.0,0.0,2.0,19.995627269
373,0.0,0.0,100.0,22.0,0.0,1.0,2.0,19.72495518
374,0.0,0.0,100.0,22.0,0.0,2.0,2.0,19.823341643
375,0.0,0.0,100.0,22.0,0.0,3.0,2.0,19.295990206
376,0.0,0.0,100.0,22.0,0.0,4.0,2.0,19.107088197
377,0.0,0.0,100.0,22.0,0.0,5.0,2.0,19.464340374
378,0.0,0.0,100.0,22.0,0.0,6.0,2.0,19.276312912999998
379,0.0,0.0,100.0,22.0,0.0,7.0,2.0,19.300800209
380,0.0,0.0,100.0,22.0,0.0,8.0,2.0,19.054178143999998
381,0.0,0.0,100.0,22.0,0.0,9.0,2.0,18.707857798000003
382,0.0,0.0,100.0,22.0,0.0,10.0,2.0,18.755957845
383,0.0,0.0,100.0,22.0,0.0,11.0,2.0,19.197603742000005
384,0.0,0.0,100.0,22.0,0.0,12.0,2.0,18.863527045999994
385,0.0,0.0,100.0,22.0,0.0,13.0,2.0,19.007389916
386,0.0,0.0,100.0,22.0,0.0,14.0,2.0,18.556561284
387,0.0,0.0,100.0,22.0,0.0,15.0,2.0,18.147273601
388,0.0,0.0,100.0,22.0,0.0,16.0,2.0,18.039267129000002
389,0.0,0.0,100.0,22.0,0.0,17.0,2.0,16.94608422
390,0.0,0.0,100.0,22.0,0.0,18.0,2.0,17.055402511
391,0.0,0.0,100.0,22.0,0.0,19.0,2.0,17.439765623
392,0.0,0.0,100.0,22.0,0.0,20.0,2.0,16.998994270999997
393,0.0,0.0,100.0,22.0,0.0,21.0,2.0,16.471642836999997
394,0.0,0.0,100.0,22.0,0.0,22.0,2.0,16.685906686
395,0.0,0.0,100.0,22.0,0.0,23.0,2.0,15.924614106000002
396,0.0,0.0,100.0,22.0,0.0,24.0,2.0,15.883947702
397,0.0,0.0,100.0,22.0,0.0,25.0,2.0,15.371026279999999
398,0.0,0.0,100.0,22.0,0.0,26.0,2.0,14.957803138
399,0.0,0.0,100.0,22.0,0.0,27.0,2.0,14.794262975999999
400,0.0,0.0,100.0,22.0,0.0,28.0,2.0,14.718614717999998
401,0.0,0.0,100.0,22.0,0.0,29.0,2.0,14.176395993999998
402,0.0,0.0,100.0,22.0,0.0,30.0,2.0,13.989680354
403,0.0,0.0,100.0,28.0,0.0,0.0,2.0,19.218787197999998
404,0.0,0.0,100.0,28.0,0.0,1.0,2.0,19.446655103
405,0.0,0.0,100.0,28.0,0.0,2.0,2.0,19.692548379999998
406,0.0,0.0,100.0,28.0,0.0,3.0,2.0,19.119137502999997
407,0.0,0.0,100.0,28.0,0.0,4.0,2.0,19.570451996000003
408,0.0,0.0,100.0,28.0,0.0,5.0,2.0,19.232051148999997
409,0.0,0.0,100.0,28.0,0.0,6.0,2.0,19.299051118
410,0.0,0.0,100.0,28.0,0.0,7.0,2.0,19.386797266000006
411,0.0,0.0,100.0,28.0,0.0,8.0,2.0,19.104173044
412,0.0,0.0,100.0,28.0,0.0,9.0,2.0,18.814066593
413,0.0,0.0,100.0,28.0,0.0,10.0,2.0,18.838553889999996
414,0.0,0.0,100.0,28.0,0.0,11.0,2.0,18.67496514
415,0.0,0.0,100.0,28.0,0.0,12.0,2.0,17.933884299000002
416,0.0,0.0,100.0,28.0,0.0,13.0,2.0,18.10631568
417,0.0,0.0,100.0,28.0,0.0,14.0,2.0,17.810427507000004
418,0.0,0.0,100.0,28.0,0.0,15.0,2.0,17.873686359
419,0.0,0.0,100.0,28.0,0.0,16.0,2.0,17.4057069
420,0.0,0.0,100.0,28.0,0.0,17.0,2.0,17.042138555
421,0.0,0.0,100.0,28.0,0.0,18.0,2.0,16.628575316
422,0.0,0.0,100.0,28.0,0.0,19.0,2.0,16.976839098000003
423,0.0,0.0,100.0,28.0,0.0,20.0,2.0,16.562935755
424,0.0,0.0,100.0,28.0,0.0,21.0,2.0,15.976260925999998
425,0.0,0.0,100.0,28.0,0.0,22.0,2.0,16.160255756
426,0.0,0.0,100.0,28.0,0.0,23.0,2.0,15.809611265000001
427,0.0,0.0,100.0,28.0,0.0,24.0,2.0,15.482773866000002
428,0.0,0.0,100.0,28.0,0.0,25.0,2.0,15.040982213000001
429,0.0,0.0,100.0,28.0,0.0,26.0,2.0,15.047444138
430,0.0,0.0,100.0,28.0,0.0,27.0,2.0,14.462129714
431,0.0,0.0,100.0,28.0,0.0,28.0,2.0,14.0553685
432,0.0,0.0,100.0,28.0,0.0,29.0,2.0,14.180865898000002
433,0.0,0.0,100.0,28.0,0.0,30.0,2.0,13.922388872000003
434,0.0,0.0,100.0,26.0,0.0,0.0,2.0,19.676033056999998
435,0.0,0.0,100.0,26.0,0.0,1.0,2.0,19.490909089
436,0.0,0.0,100.0,26.0,0.0,3.0,2.0,19.554086317999996
437,0.0,0.0,100.0,26.0,0.0,2.0,2.0,19.781818182
438,0.0,0.0,100.0,26.0,0.0,4.0,2.0,19.34912764
439,0.0,0.0,100.0,26.0,0.0,5.0,2.0,19.121763084
440,0.0,0.0,100.0,26.0,0.0,6.0,2.0,19.373370064
441,0.0,0.0,100.0,26.0,0.0,7.0,2.0,19.098989899
442,0.0,0.0,100.0,26.0,0.0,8.0,2.0,19.022222222
443,0.0,0.0,100.0,26.0,0.0,9.0,2.0,19.079522497000003
444,0.0,0.0,100.0,26.0,0.0,10.0,2.0,18.931129477000002
445,0.0,0.0,100.0,26.0,0.0,11.0,2.0,18.606060605000003
446,0.0,0.0,100.0,26.0,0.0,12.0,2.0,18.264462810000005
447,0.0,0.0,100.0,26.0,0.0,13.0,2.0,18.22405877
448,0.0,0.0,100.0,26.0,0.0,14.0,2.0,17.892378329000003
449,0.0,0.0,100.0,26.0,0.0,15.0,2.0,17.464095500999996
450,0.0,0.0,100.0,26.0,0.0,16.0,2.0,17.669788798
451,0.0,0.0,100.0,26.0,0.0,17.0,2.0,17.64003673
452,0.0,0.0,100.0,26.0,0.0,18.0,2.0,17.146005509000002
453,0.0,0.0,100.0,26.0,0.0,19.0,2.0,16.595041324
454,0.0,0.0,100.0,26.0,0.0,20.0,2.0,16.597979798
455,0.0,0.0,100.0,26.0,0.0,21.0,2.0,16.394123049
456,0.0,0.0,100.0,26.0,0.0,22.0,2.0,16.107254361
457,0.0,0.0,100.0,26.0,0.0,23.0,2.0,15.949311294000001
458,0.0,0.0,100.0,26.0,0.0,24.0,2.0,16.023875116
459,0.0,0.0,100.0,26.0,0.0,25.0,2.0,15.265381083
460,0.0,0.0,100.0,26.0,0.0,26.0,2.0,14.950964188
461,0.0,0.0,100.0,26.0,0.0,27.0,2.0,14.310009182999996
462,0.0,0.0,100.0,26.0,0.0,28.0,2.0,14.487786959
463,0.0,0.0,100.0,26.0,0.0,29.0,2.0,14.166023874
464,0.0,0.0,100.0,26.0,0.0,30.0,2.0,13.806427915
